breed,wikipedia_url,description,thumbnail_path
Retrievers (Labrador),https://en.wikipedia.org/wiki/Labrador_Retriever,"The Labrador Retriever or simply Labrador is a British breed of retriever gun dog. It was developed in the United Kingdom from St. John's water dogs imported from the colony of Newfoundland (now a province of Canada), and was named after the Labrador region of that colony. It is among the most commonly kept dogs in several countries, particularly in the European world.",retrievers (labrador).jpg
French Bulldogs,https://en.wikipedia.org/wiki/French_Bulldog,"The French Bulldog (French: Bouledogue Français) is a French breed of companion dog or toy dog. It appeared in Paris in the mid-nineteenth century, apparently the result of cross-breeding of Toy Bulldogs imported from England and local Parisian ratters. It is commonly kept as a pet and is among the most frequently registered dogs in a number of countries including Australia, the United Kingdom, and the United States. The breed is susceptible to various health problems as a consequence of being bred for a distinctive appearance, sporting a brachycephalic face and skin wrinkles.",french bulldogs.jpg
German Shepherd Dogs,https://en.wikipedia.org/wiki/German_Shepherd,"The German Shepherd, also known in Britain as an Alsatian, is a German breed of working dog of medium to large size. The breed was developed by Max von Stephanitz using various traditional German herding dogs from 1899.",german shepherd dogs.jpg
Retrievers (Golden),https://en.wikipedia.org/wiki/Golden_Retriever,"The Golden Retriever is a Scottish breed of retriever dog of medium size. It is characterised by a gentle and affectionate nature and a striking golden coat. It is a working dog, and registration is subject to successful completion of a working trial. It is commonly kept as a pet and is among the most frequently registered breeds in several Western countries; some may compete in dog shows or obedience trials, or work as a guide dog.",retrievers (golden).jpg
Bulldogs,https://en.wikipedia.org/wiki/Bulldog_type,"Bulldogs are a type of dog that were traditionally used for the blood sports of baiting and dog fighting, but today are kept for other purposes, including companion dogs, guard dogs and catch dogs. Bulldogs are typically stocky, powerful, square-built animals with large, strong, brachycephalic-type muzzles. ""Bull"" is a reference that originated in England that refers to the sport of bull-baiting, which was a national sport in England between the 13th and 18th century. It is believed that bulldogs were developed during the 16th century in the Elizabethan era from the larger mastiffs, as smaller, more compact dogs were better suited for baiting.",bulldogs.jpg
Poodles,,,
Beagles,,,
Rottweilers,https://en.wikipedia.org/wiki/Rottweiler,"The Rottweiler (, UK also , German: [ˈʁɔtvaɪ̯lɐ] ) is a breed of domestic dog, regarded as medium-to-large or large. The dogs were known in German as Rottweiler Metzgerhund, meaning Rottweil butchers' dogs, because their main use was to herd livestock and pull carts laden with butchered meat to market. This continued until the mid-19th century when railways replaced droving. Although still used to herd stock in many parts of the world, Rottweilers are now also used as search and rescue dogs, guard dogs, and police dogs.",rottweilers.jpg
Pointers (German Shorthaired),,,
Dachshunds,https://en.wikipedia.org/wiki/Dachshund,"The dachshund  (UK:  DAKS-huund, -⁠ənd, -⁠huunt or US:  DAHKS-huunt, -⁠huund, -⁠ənt; German: 'badger dog'), also known as the wiener dog or sausage dog, badger dog and doxie, is a short-legged, long-bodied, hound-type dog breed. The dog may be smooth-haired, wire-haired, or long-haired, with varied coloration.",dachshunds.jpg
Pembroke Welsh Corgis,https://en.wikipedia.org/wiki/Pembroke_Welsh_Corgi,"The Pembroke Welsh Corgi (; Welsh for ""dwarf dog"") is a cattle herding dog breed that originated in Pembrokeshire, Wales. It is one of two breeds known as a Welsh Corgi, the other being the Cardigan Welsh Corgi. Pembroke Welsh Corgis descended from the Spitz family of dogs.",pembroke welsh corgis.jpg
Australian Shepherds,https://en.wikipedia.org/wiki/Australian_Shepherd,"The Australian Shepherd is a breed of herding dog from the United States. The name of the breed is technically a misnomer, as it was developed in California in the 19th century. It is believed to have its origins in sheepdog breeds from northwest Spain, as well as collies imported, alongside sheep, from Australia and New Zealand; the breed reportedly took its name from this trade. Originally used solely as a herding dog, the Australian Shepherd has become one of the most popular companion dog breeds in North America.",australian shepherds.jpg
Yorkshire Terriers,https://en.wikipedia.org/wiki/Yorkshire_Terrier,"The Yorkshire Terrier, also known as a Yorkie, is a British breed of toy dog of terrier type. It is among the smallest of the terriers and indeed of all dog breeds, with a weight of no more than 3.2 kg (7 lb). It originated in the nineteenth century in the English county of Yorkshire, after which it is named. The coat is tan on the head and dark steel-grey on the body; no other colour is accepted by either The Kennel Club or the Fédération Cynologique Internationale.",yorkshire terriers.jpg
Boxers,https://en.wikipedia.org/wiki/Boxer_(dog),"The Boxer is a medium to large, short-haired dog breed of mastiff-type, developed in Germany. The coat is smooth and tight-fitting; colors are fawn or brindled, with or without white markings. Boxers are brachycephalic (they have broad, short skulls), have a square muzzle, mandibular prognathism (an underbite), very strong jaws, and a powerful bite ideal for hanging on to large prey. The Boxer was bred from the Old English Bulldog and the now extinct Bullenbeisser, which became extinct by crossbreeding rather than by a decadence of the breed. The Boxer is a member of both The Kennel Club and American Kennel Club (AKC) Working Group.",
Great Danes,,,
Siberian Huskies,,,
Cavalier King Charles Spaniels,https://en.wikipedia.org/wiki/Cavalier_King_Charles_Spaniel,"The Cavalier King Charles Spaniel (CKCS) is a British breed of toy dog of spaniel type. Four colours are recognised: Blenheim (chestnut and white), tricolour (black/white/tan), black and tan, and ruby; the coat is smooth and silky. The lifespan is usually between eight and twelve years.",cavalier king charles spaniels.jpg
Doberman Pinschers,,,
Miniature Schnauzers,https://en.wikipedia.org/wiki/Miniature_Schnauzer,"The Miniature Schnauzer is a breed of small dog of the Schnauzer type that originated in Germany in the mid-to-late 19th century. Miniature Schnauzers may have been developed from the smallest specimens of the Standard Schnauzer, or crosses between the standard and one or more smaller breeds such as the Affenpinscher, Miniature Pinscher, and Poodles, as farmers bred a small dog that was an efficient ratting dog. They are described as ""spunky"" but aloof dogs, with good guarding tendencies without some guard dogs' predisposition to bite. Miniature Schnauzers are recognized in four colors internationally: solid black, black and silver, salt and pepper, and white.",miniature schnauzers.jpg
Shih Tzu,https://en.wikipedia.org/wiki/Shih_Tzu,"The Shih Tzu (UK: , US: ) is a toy dog or pet dog breed originating from Tibet and believed to be bred from the Pekingese and the Lhasa Apso.",shih tzu.jpg
Boston Terriers,https://en.wikipedia.org/wiki/Boston_Terrier,"The Boston Terrier is a breed of dog originating in the United States of America. This ""American Gentleman"" was accepted in 1893 by the American Kennel Club as a non-sporting breed. Boston Terriers are small and compact with a short tail and erect ears.",boston terriers.jpg
Bernese Mountain Dogs,https://en.wikipedia.org/wiki/Bernese_Mountain_Dog,"The Bernese Mountain Dog (German: Berner Sennenhund) is a large dog breed from Bern, Switzerland and the Swiss Alps, being one of the four breeds of Sennenhund-type dogs, with roots in the Roman mastiffs. The name Berner (or Bernese in English) refers to the breed's area of origin in the canton of Bern, and Sennenhund is derived from the German Senne (""alpine pasture"") and Hund (""hound/dog""), as they accompanied the alpine herders and dairymen called Senn. This breed was originally kept as a general farm dog and large Sennenhunde in the past were also used as draft animals pulling carts. The breed was officially established in 1912.",bernese mountain dogs.jpg
Pomeranians,https://en.wikipedia.org/wiki/Pomeranian_dog,"The Pomeranian (also known as a Pom, Pommy or Pome) is a breed of dog of the Spitz type that is named for the Pomerania region in north-west Poland and north-east Germany in Central Europe. Classed as a toy dog breed because of its small size, the Pomeranian is descended from larger Spitz-type dogs, specifically the German Spitz.",pomeranians.jpg
Havanese,https://en.wikipedia.org/wiki/Havanese_dog,"The Havanese, a bichon-type dog, is the national dog of Cuba, developed from the now extinct Blanquito de la Habana (""little white dog of Havana""). The Blanquito descended from the also now-extinct Bichón Tenerife. It is believed that the Blanquito was eventually cross-bred with other bichon types, including the poodle, to create what is now known as the Havanese. They are sometimes referred to as ""Havana Silk Dogs"", but this is a separate breed, which has been bred to meet the original Cuban standards.",havanese.jpg
Cane Corso,https://en.wikipedia.org/wiki/Cane_Corso,"The Cane Corso is an Italian breed of mastiff. It is usually kept as a companion dog or guard dog; it may also be used to protect livestock. In the past it was used for hunting large game, and also to herd cattle.",cane corso.jpg
Spaniels (English Springer),https://en.wikipedia.org/wiki/English_Water_Spaniel,"The English Water Spaniel is a breed of dog that has been extinct since the first part of the 20th century, with the last specimen seen in the 1930s. It was best known for its use in hunting waterfowl and for being able to dive as well as a duck. It is described as  similar to a Collie or to a cross between a Poodle and a Springer Spaniel with curly fur and typically in a white and liver/tan pattern.",spaniels (english springer).jpg
Shetland Sheepdogs,https://en.wikipedia.org/wiki/Shetland_Sheepdog,"The Shetland Sheepdog, also known as the Sheltie, is a breed of herding dog that originated in the Shetland Islands of Scotland. It was formally recognized by the Kennel Club in 1909. It was originally called the Shetland Collie, but this caused controversy amongst Rough Collie breeders of the time, so the name was changed. It is a small dog, clever, vocal, willing to please, and trustworthy.",shetland sheepdogs.jpg
Brittanys,https://en.wikipedia.org/wiki/Brittany_(dog),"The Brittany Spaniel or Breton Spaniel (French: Épagneul Breton) is a French breed of gun dog of spaniel type, bred primarily for bird hunting.",
Pugs,https://en.wikipedia.org/wiki/Pug,"The Pug is a breed of dog with the physically distinctive features of a wrinkly, short-muzzled face, and curled tail. An ancient breed, with roots dating back to 400 B.C., they have a fine, glossy coat that comes in a variety of colors, most often fawn (light brown) or black, and a compact, square body with well developed and thick muscles all over the body.",pugs.jpg
Spaniels (Cocker),,,
Miniature American Shepherds,https://en.wikipedia.org/wiki/Miniature_American_Shepherd,"The Miniature American Shepherd, frequently abbreviated MAS, is a small herding dog breed. The MAS is highly intelligent and biddable. The breed is often trained for dog sports such as herding, agility, obedience, canine freestyle, flyball, and others. The Miniature American Shepherd was recognised by the American Kennel Club (AKC) in 2015 and is the club's 186th breed. In September 2019, the Fédération Cynologique Internationale (FCI) officially accepted the breed.",miniature american shepherds.jpg
Border Collies,,,
Mastiffs,https://en.wikipedia.org/wiki/Mastiff,"A mastiff is a large and powerful type of dog. Mastiffs are among the largest dogs, and typically have a short coat, a long low-set tail and large feet; the skull is large and bulky, the muzzle broad and short (brachycephalic) and the ears drooping and pendant-shaped. European and Asian records dating back 3,000 years show dogs of the mastiff type. Mastiffs have historically been guard dogs, protecting homes and property, although throughout history they have been used as hunting dogs, war dogs and for blood sports, such as fighting each other and other animals, including bulls, bears and even lions.",mastiffs.jpg
Chihuahuas,https://en.wikipedia.org/wiki/Chihuahua_(dog),The Chihuahua (or Spanish: Chihuahueño) is a Mexican breed of toy dog. It is named for the Mexican state of Chihuahua and is the smallest dog breed in the world. It is usually kept as a companion animal.,
Vizslas,https://en.wikipedia.org/wiki/Vizsla,"The Vizsla (Hungarian: [ˈviʒlɒ]), also known as Hungarian Vizsla, Magyar Vizsla or Hungarian Pointer, is a dog breed from Hungary and belongs to the Fédération Cynologique Internationale (FCI) group 7 (Pointing Dogs), the Canadian Kennel Club (CKC) group 1 (Sporting group), and the American Kennel Club (Sporting group). The Hungarian or Magyar Vizsla or Smooth-Haired Vizsla are sporting dogs and loyal companions. The Vizsla's medium size is one of the breed's most appealing characteristics. As a hunter of fowl and upland game, the Vizsla has held a prominent position among sporting dogs – that of household companion and family dog.",vizslas.jpg
Basset Hounds,https://en.wikipedia.org/wiki/Basset_Hound,The Basset Hound is a short-legged breed of dog in the hound family. The Basset is a scent hound that was originally bred for the purpose of hunting hare. Their sense of smell and ability to ground-scent is second only to the Bloodhound.,basset hounds.jpg
Belgian Malinois,,,
Maltese,https://en.wikipedia.org/wiki/Maltese_dog,"Maltese dog refers both to an ancient variety of dwarf, white-coated dog breed from Italy and generally associated also with the island of Malta, and to a modern breed of similar dogs in the toy group, genetically related to the Bichon, Bolognese, and Havanese breeds. The precise link, if any, between the modern and ancient breeds is not known. Nicholas Cutillo suggested that Maltese dogs might descend from spitz-type canines, and that the ancient variety probably was similar to the latter Pomeranian breeds with their short snout, pricked ears, and bulbous heads. These two varieties, according to Stanley Coren, were perhaps the first dogs employed as human companions.",maltese.jpg
Weimaraners,https://en.wikipedia.org/wiki/Weimaraner,"The Weimaraner is a German breed of hunting dog of medium to large size, with history going back at least to the nineteenth century.",weimaraners.jpg
Collies,,,
Newfoundlands,https://en.wikipedia.org/wiki/Newfoundland_dog,"The Newfoundland is a large breed of working dog. They can be black, grey, brown, or black and white. However, in the Dominion of Newfoundland, before it became part of the confederation of Canada, only black and Landseer (white-and-black) coloured dogs were considered to be proper members of the breed. They were originally bred and used as working dogs for fishermen in Newfoundland.",newfoundlands.jpg
Rhodesian Ridgebacks,https://en.wikipedia.org/wiki/Rhodesian_Ridgeback,"The Rhodesian Ridgeback is a large dog breed originally bred in Southern Africa. The original breed standard was drafted by F.R. Barnes, in Bulawayo, Southern Rhodesia (now Zimbabwe), in 1922, and approved by the South African Kennel Union in 1927. Its forebears can be traced to the ridged hunting and guardian dogs of the Khoikhoi. These were interbred with European dogs by the early colonists of the Cape Colony for assisting in the hunting of lions.",rhodesian ridgebacks.jpg
Shiba Inu,https://en.wikipedia.org/wiki/Shiba_Inu,"The Shiba Inu (柴犬, Shiba Inu, Japanese: [ɕiba inɯ]) is a breed of hunting dog from Japan. A small-to-medium breed, it is the smallest of the six original dog breeds native to Japan. Its name literally translates to ""brushwood dog"", as it is used to flush game.",shiba inu.jpg
West Highland White Terriers,https://en.wikipedia.org/wiki/West_Highland_White_Terrier,"The West Highland White Terrier (commonly shortened to Westie) is a breed of dog from Scotland with a distinctive white harsh coat and somewhat soft white undercoat. It is a medium-sized terrier, though with longer legs than other Scottish terriers. It has a white double coat of fur which fills out the dog's face, giving it a rounded appearance.",west highland white terriers.jpg
Bichons Frises,,,
Bloodhounds,https://en.wikipedia.org/wiki/Bloodhound,"The bloodhound is a large scent hound, originally bred for hunting deer, wild boar, rabbits, and since the Middle Ages, for tracking people.  Believed to be descended from hounds once kept at the Abbey of Saint-Hubert, Belgium, in French it is called, le chien de Saint-Hubert.",bloodhounds.jpg
Spaniels (English Cocker),https://en.wikipedia.org/wiki/English_Water_Spaniel,"The English Water Spaniel is a breed of dog that has been extinct since the first part of the 20th century, with the last specimen seen in the 1930s. It was best known for its use in hunting waterfowl and for being able to dive as well as a duck. It is described as  similar to a Collie or to a cross between a Poodle and a Springer Spaniel with curly fur and typically in a white and liver/tan pattern.",spaniels (english cocker).jpg
Akitas,https://en.wikipedia.org/wiki/Akita_(dog),"The Akita (秋田, Akita, Japanese pronunciation: [akʲita]) is a Japanese  dog breed of large size. Originating from the mountains of northern Japan, the Akita has a short double coat similar to that of many other northern spitz breeds. Historically, they were used by matagi for guarding and the hunting of bears.",
Portuguese Water Dogs,https://en.wikipedia.org/wiki/Portuguese_Water_Dog,"The Portuguese Water Dog originated from the Algarve region of Portugal. From there the breed expanded to all around Portugal's coast, where they were taught to herd fish into fishermen's nets, retrieve lost tackle or broken nets, and act as couriers from ship to ship, or ship to shore.",portuguese water dogs.jpg
Retrievers (Chesapeake Bay),https://en.wikipedia.org/wiki/Chesapeake_Bay_Retriever,"The Chesapeake Bay Retriever is a large breed of dog belonging to the retriever, gundog, and sporting breed groups. The breed was developed in the United States Chesapeake Bay area during the 19th century. Historically used by local market hunters to retrieve waterfowl, pull fishing nets, and rescue fishermen, it is today primarily a family pet and hunting companion, known for a bright and happy disposition; courage; willingness to work; alertness; intelligence; love of water; and hunting capabilities. The Chesapeake is a medium- to large-sized dog similar in appearance to the Labrador Retriever, but with a wavy coat.",retrievers (chesapeake bay).jpg
Dalmatians,https://en.wikipedia.org/wiki/Dalmatian_(dog),"The Dalmatian is a breed of dog with a white coat marked with dark-coloured spots. Originally bred as a hunting dog, it was also used as a carriage dog in its early days. The origins of this breed can be traced back to Croatia and its historical region of Dalmatia. It is thought that early ancestors of the breed were certain breeds of pointers and a spotted Great Dane. Today, it is a popular pet and many enthusiasts enter Dalmatians into kennel club competitions.",
St. Bernards,https://en.wikipedia.org/wiki/St._Bernard_(dog),"The St. Bernard or Saint Bernard (UK: , US: ) is a breed of very large working dog from the Western Alps in Italy and Switzerland. They were originally bred for rescue work by the hospice of the Great St Bernard Pass on the Italian-Swiss border. The hospice, built by and named after the Alpine monk Saint Bernard of Menthon,",
Papillons,https://en.wikipedia.org/wiki/Papillon_dog,"The Papillon (French pronunciation: [papijɔ̃], French for 'butterfly[-eared]'), also called the Continental Toy Spaniel, is a breed of dog, of the spaniel type. One of the oldest of the toy spaniels, it derives its name from its characteristic butterfly-like look of the long and fringed hair on the ears. A Papillon with dropped ears is called a Phalene.",papillons.jpg
Australian Cattle Dogs,https://en.wikipedia.org/wiki/Australian_Cattle_Dog,"The Australian Cattle Dog, or simply Cattle Dog, is a breed of herding dog developed in Australia for droving cattle over long distances across rough terrain. This breed is a medium-sized, short-coated dog that occurs in two main colour forms. It has either red or black hair distributed fairly evenly through a white coat, which gives the appearance of a ""red"" or ""blue"" dog.",australian cattle dogs.jpg
Bullmastiffs,https://en.wikipedia.org/wiki/Bullmastiff,"The Bullmastiff is an English breed of dog of mastiff type and large size, with a solid build and a short muzzle. It was developed as a guard dog in the nineteenth century by cross-breeding the English Mastiff with the now-extinct Old English Bulldog. It was recognised as a breed by The Kennel Club in 1924.",bullmastiffs.jpg
Samoyeds,https://en.wikipedia.org/wiki/Samoyed_dog,"The Samoyed ( SAM-ə-yed or  sə-MOY-ed; Russian: самое́дская соба́ка, romanized: samoyédskaya sobáka, or самое́д, samoyéd) is a breed of medium-sized herding dogs with thick, white, double-layer coats. They are spitz-type dogs which take their name from the Samoyedic peoples of Siberia. Descending from the Nenets Herding Laika, they are domesticated animals that assist in herding, hunting, protection and sled-pulling.",samoyeds.jpg
Scottish Terriers,https://en.wikipedia.org/wiki/Scottish_Terrier,"The Scottish Terrier (Scottish Gaelic: Abhag Albannach; also known as the Aberdeen Terrier), popularly called the Scottie, is a breed of dog. Initially one of the highland breeds of terrier that were grouped under the name of Skye Terrier, it is one of five breeds of terrier that originated in Scotland, the other four being the modern Skye, Cairn, Dandie Dinmont, and West Highland White terriers. They are an independent and rugged breed with a wiry outer coat and a soft dense undercoat. The first Earl of Dumbarton nicknamed the breed ""the diehard"". According to legend, the Earl of Dumbarton gave this nickname because of the Scottish Terriers' bravery, and Scotties were also the inspiration for the name of his regiment, The Royal Scots, Dumbarton's Diehard. Scottish Terriers were originally bred to hunt vermin on farms.",scottish terriers.jpg
Soft Coated Wheaten Terriers,,,
Whippets,https://en.wikipedia.org/wiki/Whippet,"The whippet is a British breed of medium-sized dog, of the sighthound type, related to the larger greyhound and the smaller Italian greyhound. Apart from the differences in height, the whippet closely resembles these two breeds; it has sometimes been described as ""miniature greyhound"", and casually referred to as ""the poor man's racehorse"". It is kept as a companion dog, for competitive showing, as well as for amateur racing. Whippet also participate in dog sports such as lure coursing, agility, and flyball. It has the highest running-speed of any breed in its weight and size range, and may have the fastest idle-to-running acceleration of any dog. Whippet is known for its gentle, affectionate, and calm temperament, being relaxed and serene at home while showing high energy and excitement outdoors.",whippets.jpg
Pointers (German Wirehaired),,,
Chinese Shar-Pei,,,
Airedale Terriers,https://en.wikipedia.org/wiki/Airedale_Terrier,"The Airedale Terrier (often shortened to ""Airedale""), also called Bingley Terrier and Waterside Terrier, is a dog breed of the terrier type that originated in the valley (dale) of the River Aire, in the West Riding of Yorkshire, England. It is traditionally called the ""King of Terriers"" because it is the largest of the terrier breeds. The Airedale was bred from the Old English Black and Tan Terrier and the Otterhound and probably some other Terrier breeds, and has contributed to other dog breeds, such as the Yorkshire Terrier.",airedale terriers.jpg
Wirehaired Pointing Griffons,https://en.wikipedia.org/wiki/Wirehaired_Pointing_Griffon,"The Wirehaired Pointing Griffon (also called the Korthals  Griffon and the Griffon d'arrêt à poil dur Korthals in France and Quebec) is a breed of dog used in hunting as a gundog.  It is sometimes considered to be Dutch in ancestry, due to the nationality of the breed founder, Eduard Karel Korthals.  History records the progression of the development of the breed through Biebesheim am Rhein, Germany where the founder established the Ipenwoud kennel and the breed type was established and then into France where it is now recognized.  Others consider the Griffon to be a German breed because Korthals' kennel, Ipenwoud, was located in Biebesheim am Rhein, Germany.  It was there for over twenty years that Korthals dedicated his life to the development  and perfection of the Korthals Griffon.",wirehaired pointing griffons.jpg
Bull Terriers,https://en.wikipedia.org/wiki/American_Pit_Bull_Terrier,"The American Pit Bull Terrier (APBT) is a dog breed recognized by the United Kennel Club (UKC) and the American Dog Breeders Association (ADBA), but not the American Kennel Club (AKC). It is a medium-sized, short-haired dog, of a solid build, whose early ancestors came from England. When compared with the English Staffordshire Bull Terrier, the American Pit Bull Terrier is larger by margins of 6–8 inches (15–20 cm) in height and 25–35 pounds (11–16 kg) in weight. The American Pit Bull Terrier varies in size: males are normally about 18–21 inches (45–53 cm) in height and around 35–60 pounds (15–27 kg) in weight, while females are normally around 17–20 inches (43–50 cm) in height and 30–50 pounds (13–22 kg) in weight.",bull terriers.jpg
Alaskan Malamutes,,,
Cardigan Welsh Corgis,https://en.wikipedia.org/wiki/Cardigan_Welsh_Corgi,"The Cardigan Welsh corgi (; Welsh for ""dwarf dog"") is one of two different varieties of livestock-herding dog breeds known as Welsh corgis (originating in Wales), with the other being the Pembroke Welsh corgi. It is one of the oldest breeds of the British Isles. Cardigan Welsh corgis are known to be an extremely loyal and trainable dog breed, naturally attuned to herding many different animals, from poultry and waterfowl to large livestock such as sheep and cattle. They are also versatile and can live in a variety of settings.",cardigan welsh corgis.jpg
Giant Schnauzers,https://en.wikipedia.org/wiki/Giant_Schnauzer,"The Giant Schnauzer is a breed of dog developed in the 17th century in Germany. It is the largest of the three breeds of Schnauzer—the other two breeds being the Standard Schnauzer and the Miniature Schnauzer. Originally bred to assist on farms by driving livestock to market and guarding the farmer's property, the breed eventually moved into the city, where it worked guarding breweries, butchers' shops, stockyards and factories. It was unknown outside of Bavaria until it became popular as a military dog during World War I and World War II.",giant schnauzers.jpg
Old English Sheepdogs,https://en.wikipedia.org/wiki/Old_English_Sheepdog,The Old English Sheepdog is a large breed of dog that emerged in England from early types of herding dog. Obsolete names for the breed include Shepherd's Dog and bob-tailed sheep-dog. The nickname Bob-tail (or Bobtail) originates from how dogs of the breed traditionally had their tails docked. Old English Sheepdogs can grow very long coats with fur covering the face and eyes and do not shed unless brushed.,old english sheepdogs.jpg
Italian Greyhounds,https://en.wikipedia.org/wiki/Italian_Greyhound,"The Italian Greyhound or Italian Sighthound (Italian: Piccolo levriero Italiano) is an Italian breed of small sighthound. It was bred to hunt hare and rabbit, but is kept mostly as a companion dog.",italian greyhounds.jpg
Great Pyrenees,,,
Dogues de Bordeaux,,,
Russell Terriers,https://en.wikipedia.org/wiki/Jack_Russell_Terrier,"The Jack Russell Terrier is a British breed of small terrier. It is principally white-bodied and smooth-, rough- or broken-coated, and can be any colour.",russell terriers.jpg
Cairn Terriers,https://en.wikipedia.org/wiki/Cairn_Terrier,The Cairn Terrier is a terrier breed originating in the Scottish Highlands and recognised as one of Scotland's earliest working dogs.,cairn terriers.jpg
Irish Wolfhounds,https://en.wikipedia.org/wiki/Irish_Wolfhound,"The Irish Wolfhound is a breed of large sighthound that has, by its presence and substantial size, inspired literature, poetry and mythology. One of the largest of all breeds of dog, the breed is used by coursing hunters who have prized it for its ability to dispatch game caught by other, swifter sighthounds. In 1902, the Irish Wolfhound was declared the regimental mascot of the Irish Guards.",irish wolfhounds.jpg
Setters (Irish),,,
Greater Swiss Mountain Dogs,https://en.wikipedia.org/wiki/Greater_Swiss_Mountain_Dog,"The Greater Swiss Mountain Dog (German: Grosser Schweizer Sennenhund or French: Grand Bouvier Suisse) is a dog breed which was developed in the Swiss Alps. The name Sennenhund refers to people called Senn or Senner, dairymen and herders in the Swiss Alps. Greater Swiss Mountain Dogs are almost certainly the result of indigenous dogs mating with large mastiff-type dogs brought to Switzerland by foreign settlers. It was assumed to have almost died out by the late 19th century, since its work was being done by other breeds or machines, but was rediscovered in the early 1900s.",greater swiss mountain dogs.jpg
Miniature Pinschers,https://en.wikipedia.org/wiki/Miniature_Pinscher,"The Miniature Pinscher, also known as the Zwergpinscher and Mini Pin, is a small breed of dog of the pinscher type originating in Germany. While the breed's visual similarities to the Toy Manchester Terrier, which somewhat resembles the Pinscher breeds, remain a matter of controversy, genetic research (published in 2017) has shown that the two breeds have shared, unique ancestry. The ancestors of the Toy Manchester and Miniature Pinscher may have become geographically separated many centuries ago and retained similarities simply through breeding selection for the same traits; nevertheless, the 2017 research also showed that the two breeds remain more closely related to each other than to other breeds. The breed's ancestors may also include the German Pinscher, Italian greyhounds and dachshunds. The Miniature Pinscher's known origins are in Germany, where it was often referred to as the Zwerg Pinscher (Dwarf Biter) in historical documents. German Kennel Club documents also refer to the Miniature Pinscher as the ""reh"" Pinscher, but this term is only used for a dog of stag-red color, ""reh"" referring to a small red deer formerly found in German forests. The Miniature Pinscher originated several centuries ago as an efficient barnyard ratter.",miniature pinschers.jpg
Lhasa Apsos,https://en.wikipedia.org/wiki/Lhasa_Apso,The Lhasa Apso ( LAH-sə AP-soh) is a non-sporting dog breed originating in Tibet. Traditionally the breed has been used as an interior watchdog.,lhasa apsos.jpg
Chinese Crested,https://en.wikipedia.org/wiki/Chinese_Crested_Dog,"The Chinese Crested Dog is a hairless breed of dog. Like most hairless dog breeds, the Chinese Crested Dog comes in two varieties, without hair and with hair, which can be born in the same litter: the hairless and the powderpuff.",chinese crested.jpg
Coton de Tulear,https://en.wikipedia.org/wiki/Coton_de_Tulear,"The Coton de Tuléar is a breed of small dog named for the city of Tuléar (also known as Toliara) in Madagascar. This breed is thought to have originated from a group of small white dogs that swam across the Malagasy channel following a shipwreck. Known for its cotton-like coat, the Coton de Tuléar typically grows to no more than 18 pounds (8.2 kg), and are white, sometimes with grey, tan, black, or tri-colored markings.",coton de tulear.jpg
Staffordshire Bull Terriers,https://en.wikipedia.org/wiki/Staffordshire_Bull_Terrier,"The Staffordshire Bull Terrier, also called the Staffy or Stafford, is a purebred dog of small to medium size in the terrier group that originated in the northern parts of Birmingham and in the Black Country of Staffordshire, for which it is named. They descended from 19th-century bull terriers that were developed by crossing bulldogs with various terriers to create a generic type of dog generally known as bull and terriers. Staffords share the same ancestry with the modern Bull Terrier, although the two breeds developed along independent lines, and do not resemble each other. Modern Staffords more closely resemble the old type of bull terrier, and were first recognised as a purebred dog breed by The Kennel Club of Great Britain in 1935.",staffordshire bull terriers.jpg
American Staffordshire Terriers,https://en.wikipedia.org/wiki/American_Staffordshire_Terrier,"The American Staffordshire Terrier, also known as the AmStaff, is a medium-sized, short-coated American dog breed recognized by the American Kennel Club, but not the United Kennel Club, which instead allows American Staffordshire Terriers to be registered under the American Pit Bull Terrier breed.",american staffordshire terriers.jpg
Rat Terriers,https://en.wikipedia.org/wiki/Rat_Terrier,"The Rat Terrier is an American dog breed with a background as a farm dog and hunting companion. They share much ancestry with the small hunting dogs known as feists. Common throughout family farms in the 1920s and 1930s, they are now recognized by the United (UKC) and American Kennel Clubs (AKC) and are considered a rare breed. Rat Terriers are an intelligent and active breed that can be kept both for pest control and as a family pet.",rat terriers.jpg
Chow Chows,https://en.wikipedia.org/wiki/Chow_Chow,"The Chow Chow is a spitz-type of dog breed originally from Northern China. The Chow Chow is a sturdily built dog, square in profile, with a broad skull and small, triangular, erect ears with rounded tips. The breed is known for a very dense double coat that is either smooth or rough.: 4–5  The fur is particularly thick in the neck area, giving it a distinctive ruff or mane appearance. The coat may be shaded/self-red, black, blue, cinnamon/fawn, or cream.: 4–5",chow chows.jpg
Anatolian Shepherd Dogs,,,
Basenjis,https://en.wikipedia.org/wiki/Basenji,"The Basenji () is a breed of hunting dog, originally created from stock that originated in Central Africa, including in the Republic of the Congo and other adjacent tropical African countries. The Fédération Cynologique Internationale places the Basenji in the Spitz and ""primitive types"" categories, while the American Kennel Club classifies it as a hound. The breed does not bark in the traditional manner of most dogs, rather vocalising in an unusual, yodel-like ""talking"" sound, due to its unusually-shaped larynx. This trait earns the Basenji its nickname of ""barkless"" dog, a similar feature seen and heard in the New Guinea singing dog.",basenjis.jpg
Spaniels (Boykin),https://en.wikipedia.org/wiki/Boykin_Spaniel,"The Boykin Spaniel is a medium-sized breed of dog, a Spaniel bred for hunting wild turkeys and ducks in the Wateree River Swamp of South Carolina, in the United States. It is the state dog of South Carolina, where it was discovered and further developed by hunters in the early through mid 1900s. September 1 is Boykin Spaniel Day in South Carolina, originally established in 1984.",spaniels (boykin).jpg
Lagotti Romagnoli,,,
Brussels Griffons,,,
Retrievers (Nova Scotia Duck Tolling),https://en.wikipedia.org/wiki/Nova_Scotia_Duck_Tolling_Retriever,"The Nova Scotia Duck Tolling Retriever is a medium-sized gundog bred primarily for hunting. It is often referred to as a ""toller"". It is the smallest of the retrievers, and is often mistaken for a small Golden Retriever. Tollers are intelligent, eager to please, alert, and energetic. The name ""toller"" is derived from their ability to lure waterfowl within gunshot range. The breed originated in Yarmouth County, Nova Scotia, Canada. The American Kennel Club ranks the toller as the 87th most popular dog breed.",retrievers (nova scotia duck tolling).jpg
Norwegian Elkhounds,https://en.wikipedia.org/wiki/Black_Norwegian_Elkhound,"The Black Norwegian Elkhound (Norwegian Elghund Sort (NES) in Norwegian) is a small Spitz breed classified by the FCI as a hunting dog. It is currently an uncommon breed in Norway and very rare outside the Nordic countries of Scandinavia. It is a sibling breed to a Grey Norwegian Elkhound, but is smaller, more agile, doesn't bark and was bred  explicitly for on-leash dog hunting.",norwegian elkhounds.jpg
Standard Schnauzers,https://en.wikipedia.org/wiki/Standard_Schnauzer,"The Schnauzer (German: [ˈʃnaʊ̯t͡sɐ] ) or Mittelschnauzer is a German breed of dog in the Pinscher and Schnauzer group. It is characterised by an abundant bristly beard and whiskers, usually lighter than the coat. It is one of three Schnauzer breeds, the others being the Giant Schnauzer or Riesenschnauzer, and the Miniature Schnauzer or Zwergschnauzer. In Germany it is an endangered breed, and is listed in category III of the Rote Liste of the Gesellschaft zur Erhaltung alter und gefährdeter Haustierrassen.",standard schnauzers.jpg
Dogo Argentinos,https://en.wikipedia.org/wiki/Dogo_Argentino,"The Dogo Argentino (plural Dogos Argentinos) is an Argentine breed of large dog of mastiff type. It was bred in the early twentieth century in Córdoba in central Argentina, primarily for hunting large game such as peccaries, wild boar, and pumas.: 146 : 340 : 189 : 140  The foundation stock included the now extinct Córdoba fighting dog, a fighting dog of bulldog type, a Bull Terrier and a Mastín del Pirineo.: 338 : 21",dogo argentinos.jpg
Bouviers des Flandres,,,
Pekingese,https://en.wikipedia.org/wiki/Pekingese,"The Pekingese (also spelled Pekinese) is a breed of toy dog, originating in China. The breed was favored by royalty of the Chinese Imperial court as a companion dog, and its name refers to the city of Beijing (Peking) where the Forbidden City is located. The breed has several characteristics and health issues related to its unique appearance. Because of its desirable characteristics, the Pekingese has been part of the development of designer crossbreeds, such as the Peekapoo (crossed with a poodle) and Peke-a-tese (crossed with a Maltese).",pekingese.jpg
Keeshonden,,,
Border Terriers,https://en.wikipedia.org/wiki/Border_Terrier,"The Border Terrier is a British breed of small, rough-coated terrier. It originates from the area of the Anglo-Scottish border, and shares ancestry with the Dandie Dinmont Terrier and the Bedlington Terrier from the same area. The dogs were traditionally used in fox-hunting, and worked with the Border Hunt in Northumberland.",border terriers.jpg
Leonbergers,https://en.wikipedia.org/wiki/Leonberger,"The Leonberger is a giant dog breed, whose name derives from the city of Leonberg in Baden-Württemberg, Germany.",leonbergers.jpg
Tibetan Terriers,https://en.wikipedia.org/wiki/Tibetan_Terrier,"The Tibetan Terrier is a medium-sized breed of dog that originated in Tibet. Despite its name, it is not a member of the terrier group. The breed was given its English name by European travelers due to its resemblance to known terrier breeds. The Tibetan name for the breed, Tsang Apso, roughly translates to ""shaggy or bearded (""apso"") dog, from the province of Tsang"". Some old travelers' accounts refer to the dog as Dokhi Apso or ""outdoor"" Apso, indicating a shaggy or bearded working dog which lives outdoors.",tibetan terriers.jpg
Neapolitan Mastiffs,https://en.wikipedia.org/wiki/Neapolitan_Mastiff,"The Neapolitan Mastiff or Mastino Napoletano is an Italian breed of large dog of mastiff type. It descends from the traditional guard dogs of central Italy. It was recognised as a breed by the Ente Nazionale della Cinofilia Italiana in 1949, and accepted by the Fédération Cynologique Internationale in 1956.",neapolitan mastiffs.jpg
Setters (English),,,
Retrievers (Flat-Coated),https://en.wikipedia.org/wiki/Flat-coated_Retriever,The Flat-coated Retriever is a gun dog breed originating from England. It was developed as a retriever both on land and in the water.,retrievers (flat-coated).jpg
Borzois,https://en.wikipedia.org/wiki/Borzoi,"The Borzoi or Russian Hunting Sighthound is a Russian breed of hunting dog of sighthound type. It was formerly used for wolf hunting,: 125  and until 1936 was known as the Russian Wolfhound.: 130",borzois.jpg
Fox Terriers (Wire),,,
Miniature Bull Terriers,https://en.wikipedia.org/wiki/Miniature_Bull_Terrier,"The English Miniature Bull Terrier is a breed with origins in the extinct English White Terrier, the Dalmatian and the Bulldog. The first existence is documented in 1872 in The Dogs of British Island.",miniature bull terriers.jpg
Belgian Tervuren,,,
Setters (Gordon),,,
Silky Terriers,https://en.wikipedia.org/wiki/Australian_Silky_Terrier,"The Australian Silky Terrier or simply Silky Terrier (depending on the breed registry) is a small breed of dog of the terrier dog type. The breed was developed in Australia, although the ancestral types and breeds were from Great Britain. It is closely related to the Australian Terrier and the Yorkshire Terrier. The breed is called the Silky Terrier in North America, but is called the Australian Silky Terrier in its country of origin and in the rest of the world.",silky terriers.jpg
Norwich Terriers,https://en.wikipedia.org/wiki/Norwich_Terrier,"The Norwich Terrier is a breed of dog originating in England, and was bred to hunt small rodents. One of the smallest terriers, these dogs are relatively rare. Their drop-eared variety is the Norfolk Terrier.",norwich terriers.jpg
Spinoni Italiani,,,
Japanese Chin,https://en.wikipedia.org/wiki/Japanese_Chin,"The Japanese Chin (Japanese: 狆, chin), also known as the Japanese Spaniel, is a toy dog breed, being both a lap dog and a companion dog, with a distinctive heritage.",japanese chin.jpg
Welsh Terriers,https://en.wikipedia.org/wiki/Welsh_Terrier,"The Welsh Terrier (Welsh: Daeargi Cymreig) also known as the Welshie, is believed to have originated in the 1700s in Wales and was originally bred for hunting fox, rodents and badger; in the remote mountains of northern Wales, but during the last century, it has mainly been bred for showing. Despite this, it has retained its terrier strength of character. The Welsh Terrier has been claimed to be the oldest existing dog breed in the UK.",welsh terriers.jpg
Toy Fox Terriers,https://en.wikipedia.org/wiki/Toy_Fox_Terrier,"The Toy Fox Terrier is a small terrier breed of dog, directly descended from the larger Smooth Fox Terrier but since 1936, it has been registered in the United States with the UKC as a separate breed.",toy fox terriers.jpg
Schipperkes,,,
Parson Russell Terriers,https://en.wikipedia.org/wiki/Parson_Russell_Terrier,"The Parson Russell Terrier is a breed of small white terrier that was the original Fox Terrier of the 18th century. The breed is named after the Reverend Jack Russell, credited with the creation of this type of dog. It is the recognised conformation show variety of the Jack Russell Terrier and was first recognised in 1990 in the United Kingdom as the Parson Jack Russell Terrier. In America, it was first recognised as the Jack Russell Terrier in 1997. The name was changed to its current form in 1999 in the UK and by 2008 all international kennel clubs recognised it under the new name.",parson russell terriers.jpg
Pointers,https://en.wikipedia.org/wiki/Pointing_dog,"Pointing dogs, sometimes called bird dogs, are a type of gundog typically used in finding game. Gundogs are traditionally divided into three classes: retrievers, flushing dogs, and pointing breeds. The name pointer comes from the dog's instinct to point, by stopping and aiming its muzzle towards game. This demonstrates to the hunter the location of their quarry and allows them to move into gun range. Pointers were selectively bred from dogs who had abundant pointing and backing instinct. They typically start to acquire their hunting instincts at about 2 months of age.",pointers.jpg
Belgian Sheepdogs,,,
Tibetan Spaniels,https://en.wikipedia.org/wiki/Tibetan_spaniel,"The Tibetan Spaniel is a breed of assertive, small dogs originating in Tibet. This breed is not a spaniel in the original meaning of the term; its breeding differs from other spaniels, and unlike true spaniels, which are gun dogs, the Tibetan spaniel is a companion dog. The spaniel name may have been given due to its resemblance to the bred-down lapdog versions of the hunting spaniels, such as the Cavalier King Charles Spaniel.",tibetan spaniels.jpg
American Eskimo Dogs,https://en.wikipedia.org/wiki/American_Eskimo_Dog,"The American Eskimo Dog is a breed of companion dog, originating in Germany. The American Eskimo Dog is a member of the Spitz family. The breed's progenitors were German Spitz, but due to anti-German sentiment during the First World War, it was renamed ""American Eskimo Dog."" Although modern American Eskimo Dogs have been exported as German Spitz Gross (or Mittel, depending on the dog's height), the breeds have diverged and the standards are significantly different. In addition to serving as a watchdog and companion, the American Eskimo Dog also achieved a high degree of popularity in the United States in the 1930s and 1940s as a circus performer.",american eskimo dogs.jpg
Irish Terriers,https://en.wikipedia.org/wiki/Irish_Terrier,"The Irish Terrier (Irish: Brocaire Rua) is a dog breed from Ireland, one of many breeds of terrier. The Irish Terrier is considered one of the oldest terrier breeds. The Dublin dog show in 1873 was the first to provide a separate class for Irish Terriers. By the 1880s, Irish Terriers were the fourth most popular breed in Great Britain and Ireland.",irish terriers.jpg
Beaucerons,https://en.wikipedia.org/wiki/Beauceron,"The Beauceron (French pronunciation: [bosʁɔ̃] ) is a herding dog breed originating from the plains of Central France. The Beauceron is also known as Berger de Beauce (French pronunciation: [bɛʁʒe də bos], sheepdog from Beauce) or Bas Rouge (French pronunciation: [ba ʁuʒ], red-stockings).",beaucerons.jpg
Afghan Hounds,https://en.wikipedia.org/wiki/Afghan_Hound,"The Afghan Hound is a hound distinguished by its thick, fine, silky coat, and a tail with a ring curl at the end. The breed originates in the cold mountains of Afghanistan. Its local name is Sag-e Tāzī (Dari: سگ تازی) or Tāžī Spay (Pashto: تاژي سپی). Other names for this breed are Tāzī, Balkh Hound, Baluchi Hound, and Barakzai Hound.",afghan hounds.jpg
Boerboels,https://en.wikipedia.org/wiki/Boerboel,"The Boerboel (pronounced [ˈbuːrbul]) is a South African breed of large dog of mastiff type, used as a family guard dog. It is large, with a short coat, strong bone structure and well-developed muscles.",boerboels.jpg
Fox Terriers (Smooth),,,
Bearded Collies,,,
Black Russian Terriers,https://en.wikipedia.org/wiki/Black_Russian_Terrier,"The Black Russian Terrier (Russian: Русский чёрный терьер), also known as the Chornyi Terrier (chornyi being Russian for black), is a breed of dog from the USSR. It was originally bred in the Red Star (Krasnaya Zvezda) Kennel during the late 1940s and the early 1950s for use as a military/working dog. The Black Russian Terrier is a breed recognized by the FCI (September 1983), AKC (July 2004), CKC, KC, ANKC, NZKC and other cynological organizations. The contemporary Black Russian Terrier is a working dog, guarding dog, sporting and companion dog.",black russian terriers.jpg
Black and Tan Coonhounds,https://en.wikipedia.org/wiki/Black_and_Tan_Coonhound,"The Black and Tan Coonhound is a breed of hunting dog.  Developed in the United States from crosses between the Bloodhound and the Black and Tan Virginia Foxhound, this scent hound runs its game entirely by scent and is used primarily for raccoon hunting.",black and tan coonhounds.jpg
Spaniels (Welsh Springer),https://en.wikipedia.org/wiki/Welsh_Springer_Spaniel,"The Welsh Springer Spaniel (Welsh: Llamgi Cymru) is a breed of dog and a member of the spaniel family. Thought to be comparable to the old Land Spaniel, they are similar to the English Springer Spaniel and historically have been referred to as both the Welsh Spaniel and the Welsh Cocker Spaniel. They were relatively unknown until a succession of victories in dog trials by the breed increased its popularity. Following recognition by The Kennel Club in 1902, the breed gained the modern name of Welsh Springer Spaniel. The breed's coat only comes in a single colour combination of white with red markings, usually in a piebald pattern. Loyal and affectionate, they can become very attached to family members and are wary of strangers. Health conditions are limited to those common among many breeds of dog, although they are affected more than average by hip dysplasia and some eye conditions. They are a working dog, bred for hunting, and while not as rare as some varieties of spaniel, they are rarer than the more widely known English Springer Spaniel with which they are sometimes confused.",spaniels (welsh springer).jpg
American Hairless Terriers,https://en.wikipedia.org/wiki/American_Hairless_Terrier,The American Hairless Terrier is a breed of companion dog from the United States that was developed from naturally hairless Rat Terriers.,american hairless terriers.jpg
Norfolk Terriers,https://en.wikipedia.org/wiki/Norfolk_Terrier,"The Norfolk Terrier is a British breed of dog. Prior to gaining recognition as an independent breed in 1964, it was a variety of the Norwich Terrier, distinguished from the ""prick eared"" Norwich by its ""drop ears"" (or folded ears). Together, the Norfolk and Norwich Terriers are the smallest of the working terriers.",norfolk terriers.jpg
Xoloitzcuintli,,,
Manchester Terriers,https://en.wikipedia.org/wiki/Manchester_Terrier,"The Manchester Terrier is a breed of dog of the smooth-haired terrier type. It was first bred in the 19th century to control vermin, notably rats, at which it excelled. So efficient at the task was it that it often appeared in rat-baiting pits until that sport, which had effectively been illegal in the UK since 1835, finally died out at the beginning of the 20th century.",manchester terriers.jpg
Kerry Blue Terriers,https://en.wikipedia.org/wiki/Kerry_Blue_Terrier,"The Kerry Blue Terrier (also known as the Irish Blue Terrier) (Irish: An Brocaire Gorm) is a breed of dog. Originally bred to control vermin including rats, rabbits, badgers, ferrets, foxes, otters, hares, deer, and even wolves, over time the Kerry became a general working dog used for a variety of jobs including herding cattle and sheep. Despite a Kerry Blue winning Crufts (the most prestigious UK dog show) in 2000, it remains an ""unfashionable"" breed, and is distinctly uncommon; however, it is not as threatened as some of the other terrier breeds such as the Skye Terrier, Sealyham Terrier, and Dandie Dinmont Terrier.",kerry blue terriers.jpg
Australian Terriers,https://en.wikipedia.org/wiki/Australian_Silky_Terrier,"The Australian Silky Terrier or simply Silky Terrier (depending on the breed registry) is a small breed of dog of the terrier dog type. The breed was developed in Australia, although the ancestral types and breeds were from Great Britain. It is closely related to the Australian Terrier and the Yorkshire Terrier. The breed is called the Silky Terrier in North America, but is called the Australian Silky Terrier in its country of origin and in the rest of the world.",australian terriers.jpg
Spaniels (Clumber),https://en.wikipedia.org/wiki/Clumber_Spaniel,"The Clumber Spaniel is a breed of dog of the spaniel type, developed in the United Kingdom. It is the largest of the spaniels, and comes in predominantly white with either lemon or orange markings. The name of the breed is taken from Clumber Park in Nottinghamshire where the breed was first developed. It is a gundog that specialises in hunting in heavy cover. They are gentle and loyal, and can act aloof with strangers. They have several habits which could be considered disadvantages, including a constant shedding of its coat and snoring.",spaniels (clumber).jpg
Lakeland Terriers,https://en.wikipedia.org/wiki/Lakeland_Terrier,"The Lakeland Terrier is a dog breed, which takes its name from its place of origin, the Lake District  in England. The dog is a small to mid-size member of the Terrier family. While independent in personality, it interacts well with owners and all family members. In the United Kingdom, the Lakeland Terrier is considered a vulnerable dog breed at risk of going extinct through low levels of breeding, according to The Kennel Club. In the United States, the Lakeland Terrier ranked 148 out of 193 breeds by number of American Kennel Club puppy registrations in 2019.",lakeland terriers.jpg
Bluetick Coonhounds,https://en.wikipedia.org/wiki/Bluetick_Coonhound,"The Bluetick Coonhound is a breed of coonhound originating in the United States. The Bluetick Coonhound is known for its friendly personality, cold nose, and deep bawl mouth. It is most commonly used as a raccoon hunting dog, but is also kept as a pet.",bluetick coonhounds.jpg
English Toy Spaniels,https://en.wikipedia.org/wiki/English_Water_Spaniel,"The English Water Spaniel is a breed of dog that has been extinct since the first part of the 20th century, with the last specimen seen in the 1930s. It was best known for its use in hunting waterfowl and for being able to dive as well as a duck. It is described as  similar to a Collie or to a cross between a Poodle and a Springer Spaniel with curly fur and typically in a white and liver/tan pattern.",english toy spaniels.jpg
German Pinschers,https://en.wikipedia.org/wiki/German_Pinscher,"The German Pinscher or Deutscher Pinscher is a German breed of terrier in the  Pinscher and Schnauzer group.: 218  It shares common origins with the Schnauzer, of which it is essentially a short-haired equivalent. It is seen in two colours, either black-and-tan or self-coloured red, this varying from deer-red to a dark reddish brown.",german pinschers.jpg
Tibetan Mastiffs,https://en.wikipedia.org/wiki/Tibetan_Mastiff,"The Tibetan Mastiff is a large Tibetan dog breed. Its double coat is medium to long, subject to climate, and found in a wide variety of colors, including solid black, black and tan, various shades of red (from pale gold to deep red) and bluish-gray (dilute black), and sometimes with white markings around its neck, chest and legs.",tibetan mastiffs.jpg
Bedlington Terriers,https://en.wikipedia.org/wiki/Bedlington_Terrier,"The Bedlington Terrier is a breed of small dog named after the mining town of Bedlington, Northumberland in North East England.  Originally bred to hunt, the Bedlington Terrier has since been used in dog racing, numerous dog sports, as well as in conformation shows and as a companion dog. It is closely related to the Dandie Dinmont Terrier, Whippet and Otterhound.",bedlington terriers.jpg
Greyhounds,https://en.wikipedia.org/wiki/Greyhound,"The English Greyhound, or simply the Greyhound, is a breed of dog, a sighthound which has been bred for coursing, greyhound racing and hunting. Since the rise in large-scale adoption of retired racing Greyhounds, the breed has seen a resurgence in popularity as a family pet.",greyhounds.jpg
Pulik,,,
Salukis,https://en.wikipedia.org/wiki/Saluki,"The Saluki (Arabic: سلوقي) is a standardised breed developed from sighthounds – dogs that hunt primarily by sight rather than strong scent – that was once used by nomadic tribes to run down game animals. The dog was originally bred in the Fertile Crescent. The modern breed is typically deep-chested and long-legged, and similar dogs appear in medieval and ancient art. The breed is most closely related to the Afghan hound, a basal breed that predates the emergence of modern breeds in the 19th century, and the Saluki has been purebred both in the Middle East, including by royalty, since at least that era, and in the West (especially in Britain and Germany) since the 1840s (with breed standards established in the West and the Middle East around the 1920s–1930s), though as a free-breeding landrace, similar dogs are common as feral animals in the Middle East. A related standardised breed is the north African Sloughi.",salukis.jpg
Barbets,https://en.wikipedia.org/wiki/Barbet_(dog),"The Barbet is a medium-sized breed of French water dog. It is a rare breed. The breed's name comes from the French word barbe, meaning 'beard'.",
Redbone Coonhounds,https://en.wikipedia.org/wiki/Redbone_Coonhound,"The Redbone Coonhound is an American breed of hunting dog. As a coonhound, the Redbone is primarily a hunter of small game that hide in trees, such as raccoons, opossums, and squirrels, but is also capable of handling big game like bears and cougars. Its hunting strategy is to tree wild game where hunters can then shoot the target, rather than directly hunting and subduing the prey.",redbone coonhounds.jpg
Swedish Vallhunds,https://en.wikipedia.org/wiki/Swedish_Vallhund,"The Swedish Vallhund, also known as the Västgötaspets and Swedish cow dog, is a breed of dog native to Sweden. The breed's name, Vallhund, when translated into English, means herding dog, as the Swedish Vallhund was originally bred as a drover and herder of cows over 1,000 years ago. In 1942, the dog came close to extinction, but careful breeding and publicity by Swedish national Björn von Rosen and K. G. Zettersten managed to revive the breed in popularity and save it from its likely end. In 1943, the Swedish Kennel Club recognized the Swedish Vallhund as a breed, and officially categorized the Swedish Vallhund as ""the Västgötaspets"" for Västergötland, the province in which their revival took place. Since then, the breed has been recognized by, and bred in, over ten countries and has gained some popularity.",swedish vallhunds.jpg
Sealyham Terriers,https://en.wikipedia.org/wiki/Sealyham_Terrier,"The Sealyham Terrier (Welsh: Daeargi Sealyham) is a rare Welsh breed of small to medium-sized terrier that originated in Wales as a working dog.  It is principally a white-bodied, rough-coated breed, developed in the mid-to-late-19th century by Captain John Edwardes at Sealyham House, Pembrokeshire.",
Spanish Water Dogs,https://en.wikipedia.org/wiki/Spanish_Water_Dog,"The Spanish Water Dog (perro de agua español) breed is used in Spain as a general purpose sheepdog and guard. It is also used sometimes as a gundog, and is skilled at retrieval from water.",spanish water dogs.jpg
Briards,https://en.wikipedia.org/wiki/Briard,"The Briard (pronounced [bʁijaʁ] ): 108  or Berger de Brie (pronounced [bɛʁʒe də bʁi];: 89  plural: Bergers de Brie) is a French breed of large shepherd dog, traditionally used both for herding sheep and to defend them. It was first shown at the first Paris dog show, in 1863; the first Briard to be registered in the Livre des Origines Françaises, the national stud-book, was Sans Gêne in 1885. It was in the past also known as the Chien de Berger français de Plaine.",briards.jpg
Berger Picards,https://en.wikipedia.org/wiki/Berger_Picard,"The Berger Picard ( bair-ZHAY pih-KAR, French: [bɛʁʒe pikaʁ]) or Picardy Shepherd, is a French herding dog originating in Picardy. These dogs nearly became extinct after both World War I and World War II and remain a rare breed.",berger picards.jpg
Entlebucher Mountain Dogs,https://en.wikipedia.org/wiki/Entlebucher_Mountain_Dog,"The Entlebucher Sennenhund or Entlebucher Mountain Dog is a medium-sized herding dog, it is the smallest of the four regional breeds that constitute the Sennenhund dog type. The name Sennenhund refers to people called Senn, herders in the Swiss Alps. Entlebuch is a region in the canton of Lucerne in Switzerland. The breed is also known in English as the Entelbuch Mountain Dog, Entelbucher Cattle Dog,  and similar combinations.",entlebucher mountain dogs.jpg
Treeing Walker Coonhounds,https://en.wikipedia.org/wiki/Treeing_Walker_Coonhound,"The Treeing Walker Coonhound is a breed of hound descended from the English and American Foxhounds. The breed originated in the United States when a stolen dog known as ""Tennessee Lead"" was crossed into the Walker Hound in the 19th century. The Treeing Walker Coonhound was recognized officially as a breed by the United Kennel Club in 1945 and by the American Kennel Club in 2012.",treeing walker coonhounds.jpg
Icelandic Sheepdogs,https://en.wikipedia.org/wiki/Icelandic_Sheepdog,"The Icelandic Sheepdog (Icelandic: Íslenskur fjárhundur,  pronounced [ˈistlɛnskʏr ˈfjaurˌhʏntʏr̥]), is an Icelandic breed of dog of Nordic Spitz type. It derives from dogs brought to Iceland by Viking settlers in the ninth century; it is both similar and closely related to the Buhund of Norway and the Vallhund and Norrbotten of Sweden, which  derive from the same ancestral stock.",icelandic sheepdogs.jpg
Wirehaired Vizslas,https://en.wikipedia.org/wiki/Wirehaired_Vizsla,"The Hungarian Wirehaired Vizsla  is a Hungarian breed of pointer dog. The Hungarian name, Drótszőrű magyar vizsla, is translated as Hungarian Wirehaired Pointer.",wirehaired vizslas.jpg
Pumik,,,
Portuguese Podengo Pequenos,https://en.wikipedia.org/wiki/Portuguese_Podengo,"The Portuguese Podengo, also known as the Podengo Português or Portuguese Warren Hound, is a hound (sight and scent) breed from Portugal and Brazil. As a breed, the Podengo is divided into three size categories that are not interbred: small (Pequeno), medium (Médio) and large (Grande). Their coats are either short and 'smooth', or longer and 'wired'. The smooth coated variety is traditional, whereas the wire coated variety is an outcome of the assimilation of various other breeds during the 20th century. In general, the breed is healthy; the Pequeno (small) variety has an average lifespan of approximately 15–17 years.",portuguese podengo pequenos.jpg
Spaniels (American Water),https://en.wikipedia.org/wiki/American_Water_Spaniel,"The American Water Spaniel (often abbreviated to AWS) is a breed of spaniel which originated in the United States. It was developed in the state of Wisconsin during the 19th century from a number of other breeds, including the Irish and English Water Spaniels. The breed was saved by Dr. Fred J. Pfeifer, who set up the breed club and standard, and whose work led to recognition for the breed by the United Kennel Club, and later, the American Kennel Club. While they are the state dog of Wisconsin, they remain a rare breed.",spaniels (american water).jpg
Retrievers (Curly-Coated),https://en.wikipedia.org/wiki/Curly-coated_Retriever,"The Curly-coated Retriever (not always hyphenated, and often called the Curly for short) is a breed of dog originally bred in England for upland bird and waterfowl hunting.  It is the tallest of the retrievers and is easily distinguishable by the mass of tight curls covering its body. Curly Coated and Wavy Coated (now known as the Flat-Coated Retriever) were the first two recognised retriever breeds, established as early as 1860.",retrievers (curly-coated).jpg
Spaniels (Field),https://en.wikipedia.org/wiki/Field_Spaniel,"The Field Spaniel is a medium-sized dog breed of spaniel type. They were originally developed to be all-black show dogs in the late 19th and early 20th centuries and were unpopular for work as a hunting dog. However, during the mid-20th century they were redeveloped as a longer-legged dog that was more suitable to be used for field work. They are now considered to be a rare breed, and are registered as a Vulnerable Native Breed by The Kennel Club.",spaniels (field).jpg
Lowchen,,,
Nederlandse Kooikerhondjes,,,
Affenpinschers,https://en.wikipedia.org/wiki/Affenpinscher,"The Affenpinscher (German: [ˈafn̩ˌpɪnʃɐ] ) is a German breed of small toy dog of Pinscher type.: 30  Originally developed as a mouser, the Affenpinscher is now commonly found as a companion worldwide.",affenpinschers.jpg
Petits Bassets Griffons Vendeens,,,
Finnish Lapphunds,https://en.wikipedia.org/wiki/Finnish_Lapphund,"The Finnish Lapphund (or Finnish Lapponian Dog) (Finnish: Suomenlapinkoira) is a hardy, easy going, medium-size breed of Spitz type. Traditionally it has been used for herding reindeer. Although it is one of the most popular dog breeds in its native country, Finland, it is not very numerous outside of the Nordic countries.",finnish lapphunds.jpg
Scottish Deerhounds,https://en.wikipedia.org/wiki/Scottish_Deerhound,"The Scottish Deerhound, or simply the Deerhound, is a breed of large sighthound, once bred to hunt the red deer by coursing. In outward appearance it is similar to the Greyhound, but larger and more heavily boned, with a rough coat.",scottish deerhounds.jpg
Plott Hounds,https://en.wikipedia.org/wiki/Plott_Hound,"The Plott Hound is a large scent hound, originally bred for hunting bears. In 1989, the North Carolina General Assembly designated the Plott Hound as the official State Dog. The Plott Hound was first registered with the United Kennel Club in 1946. Plott Hounds were recognized by the American Kennel Club in 2006 and were exhibited at the Westminster Show in 2008.",plott hounds.jpg
Norwegian Buhunds,https://en.wikipedia.org/wiki/Norwegian_Buhund,The Norwegian Buhund (Norwegian: Norsk buhund) is a breed of dog of the spitz type. It is closely related to the Icelandic Sheepdog and the Jämthund. The Buhund is used as a watch dog and an all purpose farm and herding dog.,norwegian buhunds.jpg
Glen of Imaal Terriers,https://en.wikipedia.org/wiki/Glen_of_Imaal_Terrier,"The Glen of Imaal Terrier (Irish: Brocaire Uí Mháil) is a breed of dog of the terrier category and one of four Irish terrier breeds. It is sometimes called the Irish Glen of Imaal Terrier or the Wicklow Terrier, and the name of the breed is often shortened by fanciers to just Glen.",glen of imaal terriers.jpg
Setters (Irish Red and White),,,
Ibizan Hounds,https://en.wikipedia.org/wiki/Ibizan_Hound,"The Ibizan Hound (Spanish: podenco ibicenco, Catalan: ca eivissenc) is a lean, agile dog of the hound family. There are two hair types of the breed: smooth and wire. The more commonly seen type is the smooth. Some consider there to be a third type, long, but the longhair is most likely a variation of the wire.",ibizan hounds.jpg
Spaniels (Sussex),https://en.wikipedia.org/wiki/Sussex_Spaniel,"The Sussex Spaniel is a breed of dog native to Sussex in southern England. It is a low, compact spaniel and is as old a breed as and similar in appearance to the Clumber Spaniel. They can be slow-paced, but can have a clownish and energetic temperament. They suffer from health conditions common to spaniels and some large dogs, as well as a specific range of heart conditions and spinal disc herniation.",spaniels (sussex).jpg
Bergamasco Sheepdogs,,,
Spaniels (Irish Water),https://en.wikipedia.org/wiki/Irish_Water_Spaniel,The Irish Water Spaniel (Irish: An Spáinnéar Uisce) is a breed of dog that is the tallest of the spaniels.,spaniels (irish water).jpg
Polish Lowland Sheepdogs,https://en.wikipedia.org/wiki/Polish_Lowland_Sheepdog,"The Polish Lowland Sheepdog (Polish: Polski Owczarek Nizinny, also PON), is a medium-sized, shaggy-coated, sheep dog breed native to Poland.",polish lowland sheepdogs.jpg
Otterhounds,https://en.wikipedia.org/wiki/Otterhound,The Otterhound is an English dog breed. It is a scent hound and is currently recognised by the Kennel Club as a Vulnerable Native Breed with around 600 animals worldwide.,otterhounds.jpg
Kuvaszok,,,
Komondorok,,,
Cirnechi dell’Etna,,,
Pharaoh Hounds,https://en.wikipedia.org/wiki/Pharaoh_Hound,"The Pharaoh Hound or Kelb tal-Fenek is a Maltese breed of hunting dog. It is traditionally used for rabbit-hunting in the rocky terrain of the islands; the Maltese name means ""rabbit dog"".",pharaoh hounds.jpg
Dandie Dinmont Terriers,https://en.wikipedia.org/wiki/Dandie_Dinmont_Terrier,"A Dandie Dinmont Terrier is a small Scottish dog breed in the terrier family. The breed has a very long body, short legs, and a distinctive topknot of hair on the head. They are friendly but tough, and are suitable for interaction with older children. There are breed-specific health concerns: they can be affected by spinal problems due to their elongated body, and the breed is affected by canine cancer at a higher than average rate.",dandie dinmont terriers.jpg
Pyrenean Shepherds,,,
Skye Terriers,https://en.wikipedia.org/wiki/Skye_Terrier,"The Skye Terrier is a Scottish dog breed that is a long, low, hardy terrier and ""one of the most endangered native dog breeds in the United Kingdom"" according to the Kennel Club.",skye terriers.jpg
Canaan Dogs,https://en.wikipedia.org/wiki/Canaan_Dog,"The Canaan Dog is a dog breed developed in the early 20th century from semiwild pariah dogs that were the descendants of animals present in the region since biblical times. It is a breed of pariah dog found across the Middle East. It can be found in Jordan, Israel, Lebanon, Palestine, and the Sinai Peninsula and these, or dogs nearly identical, were also found in Syria over 9,000 years ago. It is the national dog of Israel. As of 2012, there were 2,000 to 3,000 Canaan Dogs across the world.",canaan dogs.jpg
American English Coonhounds,https://en.wikipedia.org/wiki/American_English_Coonhound,"The American English Coonhound, also referred to as the English Coonhound or the Redtick Coonhound, is a breed of coonhound that originated in and is typically bred in the Southern United States. It is descended from hunting hounds, especially foxhounds, brought to America by settlers during the 17th and 18th centuries. The breed's first recognition came from the United Kennel Club in 1905 as the English Fox and Coonhound. Further recognition has been granted in recent years by the American Kennel Club, first in the Foundation Stock Service and in 2011 as a fully recognized member of the hound group.",american english coonhounds.jpg
Chinooks,https://en.wikipedia.org/wiki/Chinook_(dog),"The Chinook is a breed of sled dog, developed in the state of New Hampshire during the early 20th century. The Chinook is New Hampshire's official state dog.",
Finnish Spitz,https://en.wikipedia.org/wiki/Finnish_Spitz,"The Finnish Spitz (Finnish: suomenpystykorva) is a breed of dog originating in Finland.  The breed was originally trained to hunt all types of game from squirrels and other rodents to bears.  It is a ""bark pointer"", indicating the position of game by barking, and drawing the game animal's attention to itself, allowing an easier approach for the hunter. Its original game hunting purpose was to point to game that fled into trees, such as grouse, and capercaillies, but it also serves well for hunting elk. Some individuals have even been known to go after a bear. In its native country, the breed is still mostly used as a hunting dog. The breed is typically friendly and good with children, so it is suitable for domestic life. The Finnish Spitz has been the national dog of Finland since 1979.",finnish spitz.jpg
Grand Basset Griffon Vendeens,,,
Sloughis,https://en.wikipedia.org/wiki/Sloughi,"The Sloughi , or Arabian Greyhound (Arabic: سلوقي), is an ancient breed of domesticated dog, specifically a member of the sighthound family. It originates from North Africa and is found in Algeria, Tunisia, Morocco and Libya.",sloughis.jpg
Harriers,https://en.wikipedia.org/wiki/Harrier_(dog),"The Harrier is a medium-sized  dog breed of the  hound class,",
Cesky Terriers,https://en.wikipedia.org/wiki/Cesky_Terrier,"The Cesky Terrier ( CHES-kee; Czech: Český teriér, lit. 'Bohemian Terrier' or 'Czech Terrier') is a small terrier type dog originating in  Czechoslovakia.",cesky terriers.jpg
American Foxhounds,https://en.wikipedia.org/wiki/American_Foxhound,"The American Foxhound is a breed of dog, closely related to the English Foxhound. They are scent hounds, bred to hunt foxes by scent. United States Founding Father George Washington was key to the breed's early development.",american foxhounds.jpg
Azawakhs,https://en.wikipedia.org/wiki/Azawakh,"The Azawakh is a breed of dog from West Africa. With ancient origins, it is raised throughout the Sahelian zone of Mali, Niger,  and Burkina Faso.  This region includes the Azawagh Valley for which the breed is named. While commonly associated with the nomadic Tuareg people, the dogs are also bred and owned by other ethnic groups, such as the Peulh, Bella, and Hausa. The Azawakh is more related to the Sloughi than it is to the Saluki.",azawakhs.jpg
English Foxhounds,https://en.wikipedia.org/wiki/English_Foxhound,"The English Foxhound is one of the four foxhound breeds of dog. It is a cousin of the American Foxhound. They are scent hounds, bred to hunt foxes by scent.",english foxhounds.jpg
Norwegian Lundehunds,https://en.wikipedia.org/wiki/Norwegian_Lundehund,"The Norwegian Lundehund (Norwegian: Norsk lundehund) is a small dog breed of the Spitz type that originates from Norway. Its name is a compound noun composed of the elements lunde, meaning puffin (Norwegian lunde, ""puffin"", or lundefugl, ""puffin bird""), and hund, meaning dog. The breed was originally developed for the hunting of puffins and their eggs on inaccessible nesting places in caves and on cliffs.  The breed was at the brink of extinction in the 1960s and preservation efforts have since been underway.",norwegian lundehunds.jpg
